"id","title","body","last_modified_on","body_html","author_id"
1,"渴欲饮水 1   - 医学衷中参西录","<pre style=""white-space:pre-wrap"><b>医学衷中参西录 医论  19．<br>19．
    白虎汤之外，又有白虎加人参汤，以辅白虎汤之所不逮。其方五见于《伤寒论》，今试约略录其数节以为研究之数据。
    《伤寒论》原文：服桂枝汤大汗出后，大烦渴不解，脉洪大者，白虎加人参汤主之。
    【白虎加人参汤方】知母六两，石膏一斤碎绵裹，甘草二两炙，粳米六合，人参三两。
    上五味，以水一斗，煮米熟汤成，去滓，温服一升，日三服。
    服桂枝汤原取微似有汗，若汗出如水流漓，病必不解，此谓服桂枝汤而致大汗出，是汗出如水流漓也。
    因汗出过多，大伤津液，是以大烦大渴、脉洪大异常，以白虎汤解其热，加人参以复其津液而病可愈矣。
    《伤寒论》原文：伤寒病若吐若下后，七、八日不解，热结在里，表里俱热，时时恶风，大渴，舌上干燥而烦，欲饮水数升者，白虎加人参汤主之。
    所谓若吐、若下者，实因治失其宜，误吐、误下，是以吐下后而病不愈也。且误吐则伤其津液，误下则伤其气分，津液伤损可令人作渴，气分伤损，不能助津液上潮更可作渴，是以欲饮水数升也。白虎汤中加人参，不但能生津液，且能补助气分以助津液上潮，是以能立建奇功也。
    《伤寒论》原文：伤寒脉浮，发热无汗，其表不解者，不可与白虎汤。渴欲饮水，无表证者，白虎加人参汤主之。
    凡服白虎汤之脉，皆当有滑象脉，滑者中有热也。此节之脉象但浮，虽曰发热，不过其热在表，其不可与以白虎汤之实际，实在于此。乃因节中有无汗及表不解之文，而后世之治伤寒者，或谓汗不出者，不可用白虎汤，或谓表不解者，不可用白虎汤，至引此节之文以为征据，而不能连上数句汇通读之，以重误古人。
    独不思太阳篇中白虎汤证，其脉浮滑，浮非连于表乎？又不思白虎汤证三见于《伤寒论》，惟阳明篇白虎汤证，明言汗出，而太阳篇与厥阴篇之所载者，皆未言有汗乎？至于其人欲饮水数升，且无寒束之表证，是其外感之热皆入于里，灼耗津液，令人大渴，是亦宜急救以白虎加人参汤而无可迟疑也。
    白虎加人参汤所主之证，或渴、或烦、或舌干，固由内陷之热邪所伤，实亦由其人真阴亏损也。人参，补气之药，非滋阴之药，而加于白虎汤中，实能于邪火炽盛之时立复真阴，此中盖有化合之妙也。曾治一人，患伤寒热入阳明之府，脉象有力而兼硬，时作谵语，按此等脉原宜投以白虎加人参汤，而愚时当少年，医学未能深造，竟与以大剂白虎汤，俾分数次温饮下，翌日视之热已见退，而脉搏转数，谵语更甚。乃恍然悟会，改投以白虎加人参汤煎一大剂，分三次徐徐温饮下，尽剂而愈。盖白虎汤证其脉宜见滑象，脉有硬象即非滑矣，此中原有阴亏之象，是以宜治以白虎加人参汤，而不可但治以白虎汤也。自治愈此案之后，凡遇其人脉数或弦硬，或年过五旬，或在劳心劳力之余，或其人身形素羸弱，即非在汗吐下后，渴而心烦者，当用白虎汤时，皆宜加人参，此立脚于不败之地，战则必胜之师也。
    同邑友人李××，曾治一阳明府实证，其脉虽有力而数逾六至，李××先投以白虎汤不效，继因其脉数加玄参、沙参以滋其阴分仍不效，询方于愚。答曰：此白虎加人参汤证也。李××谓，此证非在汗吐下后，且又不渴不烦，何为用白虎加人参汤？愚曰：用古人之方，当即古人立方之意而推展变通之，凡白虎汤所主之证，其渴与烦者，多因阴分虚损，而脉象数者独非阴分虚损乎？李××闻愚言而心中会悟，改投以白虎加人参汤一剂而愈。
    推展白虎加人参汤之用法，不必其人身体虚弱或有所伤损也。忆愚年三旬时，曾病伏气化热，五心烦热，头目昏沉，舌苔白浓欲黄，且多芒刺，大便干燥，每日用生石膏数两煮水饮之，连饮数日，热象不退，因思或药轻不能胜病，乃于头午用生石膏五两煮水饮下，过午又用生石膏五两煮水饮下，一日之间共服生石膏十两，而心中分毫不觉凉，大便亦未通下。踌躇再四，精思其理，恍悟此必伏气之所入甚深，原当补助正气，俾吾身之正气壮旺，自能逐邪外出也。于斯欲仿白虎加人参汤之义，因无确实把握，犹不敢遽用大剂，就已所预存之药，用生石膏二两，野台参二钱，甘草钱半，适有所轧生怀山药粗渣又加少许，煎汤两蛊，分三次温饮下，饮完晚间即觉清爽，一夜安睡，至黎明时少腹微疼，连泻三次，自觉伏气之热全消，再自视舌苔，已退去一半，而芒刺全无矣。夫以常理揆之，加人参于白虎汤中，必谓能减石膏之凉力，而此次之实验乃知人参反能助石膏之凉力，其理果安在乎？盖石膏煎汤，其凉散之力皆息息由毛孔透达于外，若与人参并用，则其凉散之力，与人参补益之力互相化合，能旋转于脏腑之间，以搜剔深入之外邪使之净尽无遗，此所以白虎加人参汤，清热之力远胜于白虎汤也。
    愚生平治寒温实热，用白虎加人参汤时，恒多于用白虎汤时，而又恒因证制宜，即原方少有通变，凡遇脉过六至者，恒用生怀山药一两以代方中粳米，盖以山药含蛋白质甚多，大能滋阴补肾，而其浓郁之汁浆又能代粳米调胃也。若遇阳明之热既实，而其人又兼下痢者，恒用生杭芍一两以代方中知母，因芍药善清肝热以除痢疾之里急后重，而其凉润滋阴之性又近于知母也。若妇人产后患寒温实热者，亦以山药代粳米，又必以玄参八钱，以代方中知母，因山药既可补产后之肾虚，而玄参主产乳余疾，《神农本草经》原有明文也（《神农本草经》中石膏、玄参皆主产乳，知母未言治产乳，不敢师心自用、轻以苦寒之药施于产后也）。
    且玄参原非苦寒之品，实验之原甘而微苦（《神农本草经》谓其味苦者，当系后世传写之误），是以虽在产后可放胆用之无碍也。
    愚治寒温之证，于阳明肠实大便燥结者，恒投以大剂白虎汤，或白虎加人参汤，往往大便得通而愈，且无下后不解之虞。间有服药之后大便未即通下者，而少投以降下之品，或用玄明粉二三钱和蜜冲服，其大便即可通下。盖因服白虎汤及服白虎加人参汤后，壮热已消，燥结已润，自易通下也。
    有外感之实热日久不退，致其人气血两亏，危险迫于目前，急救以白虎加人参汤，其病只愈一半，必继服他种补益之药始能全愈者，今试详述一案以征明之：
    一幼女年九岁，于季春上旬感受温病，医者以热药发之，服后分毫无汗，转觉表里大热，盖已成白虎汤证也。医者不知按方施治，迁延二十余日，身体 羸，危险之朕兆歧出，其目睛上窜，几至不见，筋惕肉 ，周身颤动，时作嗳声，间有喘时，精神昏愦，毫无知觉，其肌肤甚热，启其齿见舌缩而干，苔薄微黄，其脉数逾六至，左部弦细而浮，不任重按，右部亦弦细而重诊似有力，大便旬日未行，此久经外感之热灼耗，致气血两虚，肝风内动，真阴失守，元气将脱之候也。宜急治以白虎加人参汤，再辅以滋阴固气之品，庶可救愈，特虑病状若此，汤药不能下咽耳。其家人谓偶与以勺水或米汤犹知下咽，想灌以药亦如下咽也，于斯遂为疏方。
    【处方】生石膏细末二两，野台参三钱，生怀山药六钱，生怀地黄一两，生净萸肉一两，甘草二钱，共煎汤两大盅，分三次温饮下。
    此方即白虎加人参汤以生地黄代知母，生山药代粳米，而又加山萸肉也。此方若不加萸肉，为愚常用之方，以治寒温证当用白虎加人参汤而体弱阴亏者。今重加山萸肉一两者，诚以人当元气不固之时，恒因肝脏之疏泄而上脱，此证目睛之上窜，乃显露之朕兆（当属于肝），重用萸肉以收敛肝脏之疏泄，元气即可不脱。且喻嘉言谓上脱之证，若但知重用人参，转令人气高不返，重用萸肉为之辅弼，自无斯弊，可稳重建功。将药三次服完，目睛即不上窜，身体安稳，嗳声已止，气息已匀，精神较前明了，而仍不能言，大便犹未通下，肌肤犹热，脉数已减，不若从前之浮弦，右部重诊仍似有力，遂即原方略为加减，俾再服之。
    【第二方】生石膏细末两半，野台参三钱，生怀地黄一两，生净萸肉六钱，天冬六钱，甘草二钱，煎汤两盅，分两次温饮下，每饮一次，调入生鸡子黄一枚。
    目睛已不上窜而犹用萸肉者，诚以此证先有嗳气之病，是其气难于上达也。凡气之难于上达者，须防其大便通后，气或下脱，故用萸肉以预防之。至于鸡子黄，化学家谓其含有副肾髓质，即善滋真阴，生用之又善润大便是以加之。
    此药日服一剂，服两日热已全退，精神之明了似将撤消，而仍不能言，大便仍未通下，间有努力欲便之状。诊其脉热象已静且微弱，拟用灌肠法通其大便。先用野台参三钱，萸肉、天冬各四钱，煎汤服下。然后用灌肠法以通其大便，安然通下。仍不能言，细诊其脉微弱益甚，右部关前之脉几至不见。乃恍悟其所以不能言者，胸中大气下陷也，升补其胸中大气，使之上达于舌本必能言矣。
    【第三方】生箭 三钱，野台参三钱，生怀山药一两，大甘枸杞一两，北沙参一两，天冬六钱，寸冬带心六钱，升麻一钱，桔梗钱半，共煎汤一盅半，分两次温服下。此方连服两剂，遂能言语，因方中重用滋阴之药以培养其精神，而精神亦复常矣。<br><br></pre>","2017-11-23 12:12:08.474727","<pre style=""white-space:pre-wrap"><b>医学衷中参西录 医论  19．<br>19．
    白虎汤之外，又有白虎加人参汤，以辅白虎汤之所不逮。其方五见于《伤寒论》，今试约略录其数节以为研究之数据。
    《伤寒论》原文：服桂枝汤大汗出后，大烦渴不解，脉洪大者，白虎加人参汤主之。
    【白虎加人参汤方】知母六两，石膏一斤碎绵裹，甘草二两炙，粳米六合，人参三两。
    上五味，以水一斗，煮米熟汤成，去滓，温服一升，日三服。
    服桂枝汤原取微似有汗，若汗出如水流漓，病必不解，此谓服桂枝汤而致大汗出，是汗出如水流漓也。
    因汗出过多，大伤津液，是以大烦大渴、脉洪大异常，以白虎汤解其热，加人参以复其津液而病可愈矣。
    《伤寒论》原文：伤寒病若吐若下后，七、八日不解，热结在里，表里俱热，时时恶风，大渴，舌上干燥而烦，欲饮水数升者，白虎加人参汤主之。
    所谓若吐、若下者，实因治失其宜，误吐、误下，是以吐下后而病不愈也。且误吐则伤其津液，误下则伤其气分，津液伤损可令人作渴，气分伤损，不能助津液上潮更可作渴，是以欲饮水数升也。白虎汤中加人参，不但能生津液，且能补助气分以助津液上潮，是以能立建奇功也。
    《伤寒论》原文：伤寒脉浮，发热无汗，其表不解者，不可与白虎汤。渴欲饮水，无表证者，白虎加人参汤主之。
    凡服白虎汤之脉，皆当有滑象脉，滑者中有热也。此节之脉象但浮，虽曰发热，不过其热在表，其不可与以白虎汤之实际，实在于此。乃因节中有无汗及表不解之文，而后世之治伤寒者，或谓汗不出者，不可用白虎汤，或谓表不解者，不可用白虎汤，至引此节之文以为征据，而不能连上数句汇通读之，以重误古人。
    独不思太阳篇中白虎汤证，其脉浮滑，浮非连于表乎？又不思白虎汤证三见于《伤寒论》，惟阳明篇白虎汤证，明言汗出，而太阳篇与厥阴篇之所载者，皆未言有汗乎？至于其人欲饮水数升，且无寒束之表证，是其外感之热皆入于里，灼耗津液，令人大渴，是亦宜急救以白虎加人参汤而无可迟疑也。
    白虎加人参汤所主之证，或渴、或烦、或舌干，固由内陷之热邪所伤，实亦由其人真阴亏损也。人参，补气之药，非滋阴之药，而加于白虎汤中，实能于邪火炽盛之时立复真阴，此中盖有化合之妙也。曾治一人，患伤寒热入阳明之府，脉象有力而兼硬，时作谵语，按此等脉原宜投以白虎加人参汤，而愚时当少年，医学未能深造，竟与以大剂白虎汤，俾分数次温饮下，翌日视之热已见退，而脉搏转数，谵语更甚。乃恍然悟会，改投以白虎加人参汤煎一大剂，分三次徐徐温饮下，尽剂而愈。盖白虎汤证其脉宜见滑象，脉有硬象即非滑矣，此中原有阴亏之象，是以宜治以白虎加人参汤，而不可但治以白虎汤也。自治愈此案之后，凡遇其人脉数或弦硬，或年过五旬，或在劳心劳力之余，或其人身形素羸弱，即非在汗吐下后，渴而心烦者，当用白虎汤时，皆宜加人参，此立脚于不败之地，战则必胜之师也。
    同邑友人李××，曾治一阳明府实证，其脉虽有力而数逾六至，李××先投以白虎汤不效，继因其脉数加玄参、沙参以滋其阴分仍不效，询方于愚。答曰：此白虎加人参汤证也。李××谓，此证非在汗吐下后，且又不渴不烦，何为用白虎加人参汤？愚曰：用古人之方，当即古人立方之意而推展变通之，凡白虎汤所主之证，其渴与烦者，多因阴分虚损，而脉象数者独非阴分虚损乎？李××闻愚言而心中会悟，改投以白虎加人参汤一剂而愈。
    推展白虎加人参汤之用法，不必其人身体虚弱或有所伤损也。忆愚年三旬时，曾病伏气化热，五心烦热，头目昏沉，舌苔白浓欲黄，且多芒刺，大便干燥，每日用生石膏数两煮水饮之，连饮数日，热象不退，因思或药轻不能胜病，乃于头午用生石膏五两煮水饮下，过午又用生石膏五两煮水饮下，一日之间共服生石膏十两，而心中分毫不觉凉，大便亦未通下。踌躇再四，精思其理，恍悟此必伏气之所入甚深，原当补助正气，俾吾身之正气壮旺，自能逐邪外出也。于斯欲仿白虎加人参汤之义，因无确实把握，犹不敢遽用大剂，就已所预存之药，用生石膏二两，野台参二钱，甘草钱半，适有所轧生怀山药粗渣又加少许，煎汤两蛊，分三次温饮下，饮完晚间即觉清爽，一夜安睡，至黎明时少腹微疼，连泻三次，自觉伏气之热全消，再自视舌苔，已退去一半，而芒刺全无矣。夫以常理揆之，加人参于白虎汤中，必谓能减石膏之凉力，而此次之实验乃知人参反能助石膏之凉力，其理果安在乎？盖石膏煎汤，其凉散之力皆息息由毛孔透达于外，若与人参并用，则其凉散之力，与人参补益之力互相化合，能旋转于脏腑之间，以搜剔深入之外邪使之净尽无遗，此所以白虎加人参汤，清热之力远胜于白虎汤也。
    愚生平治寒温实热，用白虎加人参汤时，恒多于用白虎汤时，而又恒因证制宜，即原方少有通变，凡遇脉过六至者，恒用生怀山药一两以代方中粳米，盖以山药含蛋白质甚多，大能滋阴补肾，而其浓郁之汁浆又能代粳米调胃也。若遇阳明之热既实，而其人又兼下痢者，恒用生杭芍一两以代方中知母，因芍药善清肝热以除痢疾之里急后重，而其凉润滋阴之性又近于知母也。若妇人产后患寒温实热者，亦以山药代粳米，又必以玄参八钱，以代方中知母，因山药既可补产后之肾虚，而玄参主产乳余疾，《神农本草经》原有明文也（《神农本草经》中石膏、玄参皆主产乳，知母未言治产乳，不敢师心自用、轻以苦寒之药施于产后也）。
    且玄参原非苦寒之品，实验之原甘而微苦（《神农本草经》谓其味苦者，当系后世传写之误），是以虽在产后可放胆用之无碍也。
    愚治寒温之证，于阳明肠实大便燥结者，恒投以大剂白虎汤，或白虎加人参汤，往往大便得通而愈，且无下后不解之虞。间有服药之后大便未即通下者，而少投以降下之品，或用玄明粉二三钱和蜜冲服，其大便即可通下。盖因服白虎汤及服白虎加人参汤后，壮热已消，燥结已润，自易通下也。
    有外感之实热日久不退，致其人气血两亏，危险迫于目前，急救以白虎加人参汤，其病只愈一半，必继服他种补益之药始能全愈者，今试详述一案以征明之：
    一幼女年九岁，于季春上旬感受温病，医者以热药发之，服后分毫无汗，转觉表里大热，盖已成白虎汤证也。医者不知按方施治，迁延二十余日，身体 羸，危险之朕兆歧出，其目睛上窜，几至不见，筋惕肉 ，周身颤动，时作嗳声，间有喘时，精神昏愦，毫无知觉，其肌肤甚热，启其齿见舌缩而干，苔薄微黄，其脉数逾六至，左部弦细而浮，不任重按，右部亦弦细而重诊似有力，大便旬日未行，此久经外感之热灼耗，致气血两虚，肝风内动，真阴失守，元气将脱之候也。宜急治以白虎加人参汤，再辅以滋阴固气之品，庶可救愈，特虑病状若此，汤药不能下咽耳。其家人谓偶与以勺水或米汤犹知下咽，想灌以药亦如下咽也，于斯遂为疏方。
    【处方】生石膏细末二两，野台参三钱，生怀山药六钱，生怀地黄一两，生净萸肉一两，甘草二钱，共煎汤两大盅，分三次温饮下。
    此方即白虎加人参汤以生地黄代知母，生山药代粳米，而又加山萸肉也。此方若不加萸肉，为愚常用之方，以治寒温证当用白虎加人参汤而体弱阴亏者。今重加山萸肉一两者，诚以人当元气不固之时，恒因肝脏之疏泄而上脱，此证目睛之上窜，乃显露之朕兆（当属于肝），重用萸肉以收敛肝脏之疏泄，元气即可不脱。且喻嘉言谓上脱之证，若但知重用人参，转令人气高不返，重用萸肉为之辅弼，自无斯弊，可稳重建功。将药三次服完，目睛即不上窜，身体安稳，嗳声已止，气息已匀，精神较前明了，而仍不能言，大便犹未通下，肌肤犹热，脉数已减，不若从前之浮弦，右部重诊仍似有力，遂即原方略为加减，俾再服之。
    【第二方】生石膏细末两半，野台参三钱，生怀地黄一两，生净萸肉六钱，天冬六钱，甘草二钱，煎汤两盅，分两次温饮下，每饮一次，调入生鸡子黄一枚。
    目睛已不上窜而犹用萸肉者，诚以此证先有嗳气之病，是其气难于上达也。凡气之难于上达者，须防其大便通后，气或下脱，故用萸肉以预防之。至于鸡子黄，化学家谓其含有副肾髓质，即善滋真阴，生用之又善润大便是以加之。
    此药日服一剂，服两日热已全退，精神之明了似将撤消，而仍不能言，大便仍未通下，间有努力欲便之状。诊其脉热象已静且微弱，拟用灌肠法通其大便。先用野台参三钱，萸肉、天冬各四钱，煎汤服下。然后用灌肠法以通其大便，安然通下。仍不能言，细诊其脉微弱益甚，右部关前之脉几至不见。乃恍悟其所以不能言者，胸中大气下陷也，升补其胸中大气，使之上达于舌本必能言矣。
    【第三方】生箭 三钱，野台参三钱，生怀山药一两，大甘枸杞一两，北沙参一两，天冬六钱，寸冬带心六钱，升麻一钱，桔梗钱半，共煎汤一盅半，分两次温服下。此方连服两剂，遂能言语，因方中重用滋阴之药以培养其精神，而精神亦复常矣。<br><br></pre>",
2,"渴欲饮水 2   - 医学衷中参西录","<pre style=""white-space:pre-wrap"><b>医学衷中参西录 医论  24．<br>24．
    发黄之证，多成于湿热，诸治发黄之方，皆治湿热之方也。
    乃有本阳明病，其人蕴有湿热而不发黄者，自当另议治法，而阳明篇中亦曾载其治方矣。
    《伤寒论》原文：若脉浮发热，渴欲饮水，小便不利者，猪苓汤主之。
    此节所谓脉浮者，乃病入阳明，而犹连太阳之府也。盖太阳之病，在经脉浮，在府亦脉浮，此因太阳之府蕴有实热，以致小便不利，而热之入于阳明者，不能由太阳之府分消其热下行，转上逆而累及于肺，是以渴欲饮水也。治以猪苓汤，是仍欲由太阳之府分消其热也。
    【猪苓汤方】猪苓去皮、茯苓、阿胶、滑石、泽泻各一两。
    上五味，以水四升，先煮四味取二升，去滓，纳下阿胶，烊消，温服七合，日三服。
    猪苓、茯苓，皆为渗淡之品，而猪苓生于枫下，得枫根阴柔之气，以其性善化阳，以治因热小便不利者尤宜，故用之为主药。用泽泻者，因其能化水气上升以止渴，而后下降以利小便也。用滑石者，其性可代石膏，以清阳明之实热，又能引其热自小便出也。用阿胶者，因太阳之府原与少阴相连，恐诸利水之药或有损于少阴，故加阿胶大滋真阴之品，以助少阴之气化也。<br><br></pre>","2017-11-23 12:12:08.474727","<pre style=""white-space:pre-wrap"><b>医学衷中参西录 医论  24．<br>24．
    发黄之证，多成于湿热，诸治发黄之方，皆治湿热之方也。
    乃有本阳明病，其人蕴有湿热而不发黄者，自当另议治法，而阳明篇中亦曾载其治方矣。
    《伤寒论》原文：若脉浮发热，渴欲饮水，小便不利者，猪苓汤主之。
    此节所谓脉浮者，乃病入阳明，而犹连太阳之府也。盖太阳之病，在经脉浮，在府亦脉浮，此因太阳之府蕴有实热，以致小便不利，而热之入于阳明者，不能由太阳之府分消其热下行，转上逆而累及于肺，是以渴欲饮水也。治以猪苓汤，是仍欲由太阳之府分消其热也。
    【猪苓汤方】猪苓去皮、茯苓、阿胶、滑石、泽泻各一两。
    上五味，以水四升，先煮四味取二升，去滓，纳下阿胶，烊消，温服七合，日三服。
    猪苓、茯苓，皆为渗淡之品，而猪苓生于枫下，得枫根阴柔之气，以其性善化阳，以治因热小便不利者尤宜，故用之为主药。用泽泻者，因其能化水气上升以止渴，而后下降以利小便也。用滑石者，其性可代石膏，以清阳明之实热，又能引其热自小便出也。用阿胶者，因太阳之府原与少阴相连，恐诸利水之药或有损于少阴，故加阿胶大滋真阴之品，以助少阴之气化也。<br><br></pre>",
3,"渴欲饮水 3   - 医学衷中参西录","<pre style=""white-space:pre-wrap"><b>医学衷中参西录 医论  50．不分经之病理中丸证、竹叶石膏汤证<br>50．不分经之病理中丸证、竹叶石膏汤证
    伤寒病六经分治之外，又有不分经之病，附载于伤寒分经之后者，又宜择其紧要者，详为诠解，而后学治伤寒者，自能应变无穷也。
    《伤寒论》原文：大病瘥后，喜唾，久不了了者，胸上有寒，当以丸药温之，宜理中丸。
    【理中丸方】人参、甘草、白术、干姜各三两。
    上四味，捣筛为末，蜜丸如鸡子黄大，以沸汤数合，和一丸，研碎，温服之，日三服，夜二服，腹中未热，益至三、四丸，然不及汤。汤法以四物根据两数切，用水八升，煮取三升，去滓，温服一升，日三服。
    附加减法：若脐上筑者，肾气动也，去术，加桂四两，吐多者，去术，加生姜三两；下多者，还用术；悸者，加茯苓二两；渴欲饮水者，加术，足前成四两半；腹中疼者，加人参，足前成四两半；寒者，加干姜，足前成四两半；腹满者，去术，加附子一枚。服汤后如食顷，饮热粥一升许，微自温，勿发揭衣被。
    此病时服凉药太过，伤其胃中之阳，致胃阳虚损不能运化脾脏之湿，是以痰饮上溢而喜唾，久不了了也。故方中用人参以回胃中之阳，其补益之力，且能助胃之 动加数，自能运化脾中之湿使之下行。而又辅以白术，能健脾又能渗湿。干姜以能暖胃又能助相火以生土。且又加甘草以调和诸药，使药力之猛者，得甘草之缓而猛力悉化，使药性之热者，得甘草之甘而热力愈长也。至于方后诸多加减，又皆各具精义，随诸证之变化，而遵其加减诸法，用之自能奏效无误也。
    《伤寒论》原文：伤寒解后，虚羸少气，气逆欲吐者，竹叶石膏汤主之。
    【竹叶石膏汤方】竹叶二把，石膏一斤，半夏半升洗，麦门冬一升，人参三两，甘草二两炙，粳米半升。
    上七味，以水一斗，煮取六升，去滓，纳粳米，煮米熟汤成去米，温服一升，日三服。
    前节是病时过用凉药，伤其阳分；此节是病时不能急用凉药以清外感之热，致耗阴分。且其大热虽退，仍有余热未清，是以虚羸少气，气逆欲吐，此乃阴虚不能恋阳之象，又兼有外感之余热为之助虐也。故方中用竹叶、石膏以清外感之热，又加人参、麦冬协同石膏以滋阴分之亏，盖石膏与人参并用，原有化合之妙，能于余热未清之际立复真阴也。用半夏者，降逆气以止吐也。用甘草、粳米者，调和胃气以缓石药下侵也。自常情观之，伤寒解后之余热，何必重用石膏，以生地、玄参、天冬、麦冬诸药，亦可胜任，然而甘寒留邪，可默酿痨瘵之基础，此又不可不知也。<br><br></pre>","2017-11-23 12:12:08.474727","<pre style=""white-space:pre-wrap"><b>医学衷中参西录 医论  50．不分经之病理中丸证、竹叶石膏汤证<br>50．不分经之病理中丸证、竹叶石膏汤证
    伤寒病六经分治之外，又有不分经之病，附载于伤寒分经之后者，又宜择其紧要者，详为诠解，而后学治伤寒者，自能应变无穷也。
    《伤寒论》原文：大病瘥后，喜唾，久不了了者，胸上有寒，当以丸药温之，宜理中丸。
    【理中丸方】人参、甘草、白术、干姜各三两。
    上四味，捣筛为末，蜜丸如鸡子黄大，以沸汤数合，和一丸，研碎，温服之，日三服，夜二服，腹中未热，益至三、四丸，然不及汤。汤法以四物根据两数切，用水八升，煮取三升，去滓，温服一升，日三服。
    附加减法：若脐上筑者，肾气动也，去术，加桂四两，吐多者，去术，加生姜三两；下多者，还用术；悸者，加茯苓二两；渴欲饮水者，加术，足前成四两半；腹中疼者，加人参，足前成四两半；寒者，加干姜，足前成四两半；腹满者，去术，加附子一枚。服汤后如食顷，饮热粥一升许，微自温，勿发揭衣被。
    此病时服凉药太过，伤其胃中之阳，致胃阳虚损不能运化脾脏之湿，是以痰饮上溢而喜唾，久不了了也。故方中用人参以回胃中之阳，其补益之力，且能助胃之 动加数，自能运化脾中之湿使之下行。而又辅以白术，能健脾又能渗湿。干姜以能暖胃又能助相火以生土。且又加甘草以调和诸药，使药力之猛者，得甘草之缓而猛力悉化，使药性之热者，得甘草之甘而热力愈长也。至于方后诸多加减，又皆各具精义，随诸证之变化，而遵其加减诸法，用之自能奏效无误也。
    《伤寒论》原文：伤寒解后，虚羸少气，气逆欲吐者，竹叶石膏汤主之。
    【竹叶石膏汤方】竹叶二把，石膏一斤，半夏半升洗，麦门冬一升，人参三两，甘草二两炙，粳米半升。
    上七味，以水一斗，煮取六升，去滓，纳粳米，煮米熟汤成去米，温服一升，日三服。
    前节是病时过用凉药，伤其阳分；此节是病时不能急用凉药以清外感之热，致耗阴分。且其大热虽退，仍有余热未清，是以虚羸少气，气逆欲吐，此乃阴虚不能恋阳之象，又兼有外感之余热为之助虐也。故方中用竹叶、石膏以清外感之热，又加人参、麦冬协同石膏以滋阴分之亏，盖石膏与人参并用，原有化合之妙，能于余热未清之际立复真阴也。用半夏者，降逆气以止吐也。用甘草、粳米者，调和胃气以缓石药下侵也。自常情观之，伤寒解后之余热，何必重用石膏，以生地、玄参、天冬、麦冬诸药，亦可胜任，然而甘寒留邪，可默酿痨瘵之基础，此又不可不知也。<br><br></pre>",
4,"渴欲饮水   - 伤寒论","<pre style=""white-space:pre-wrap"><b>74.0</b> 　　中风发热，六七日不解而烦，有表里证，渴欲饮水，水入则吐者，名曰水逆。五苓散主之。<br><br></pre><pre style="white-space:pre-wrap"><b>109.0</b> 　　伤寒发热，啬啬恶寒，大渴欲饮水，其腹必满，自汗出，小便利，其病欲解，此肝乘肺也，名曰横，刺期门。<br><br></pre><pre style="white-space:pre-wrap"><b>170.0</b> 　　伤寒脉浮，发热无汗，其表不解者，不可与白虎汤。渴欲饮水，无表证者，白虎加人参汤主之。<br><br></pre><pre style="white-space:pre-wrap"><b>222.0</b> 若渴欲饮水，口干舌燥者，白虎加人参汤主之。<br><br></pre><pre style="white-space:pre-wrap"><b>223.0</b> 若脉浮发热，渴欲饮水，小便不利者，猪苓汤主之。<br><br></pre><pre style="white-space:pre-wrap"><b>244.0</b> 太阳病，寸缓、关浮、尺弱，其人发热汗出，复恶寒，不呕，但心下痞者，此以医下之也。如其不下者，病人不恶寒而渴者，此转属阳明也。小便数者，大便必硬，不更衣十日，无所苦也。渴欲饮水，少少与之，但以法救之。渴者，宜五苓散。<br><br></pre><pre style="white-space:pre-wrap"><b>329.0</b> 　　厥阴病，渴欲饮水者，少少与之，愈。<br><br></pre>","2017-11-23 12:12:08.936948","<pre style=""white-space:pre-wrap"><b>74.0</b> 　　中风发热，六七日不解而烦，有表里证，渴欲饮水，水入则吐者，名曰水逆。五苓散主之。<br><br></pre><pre style="white-space:pre-wrap"><b>109.0</b> 　　伤寒发热，啬啬恶寒，大渴欲饮水，其腹必满，自汗出，小便利，其病欲解，此肝乘肺也，名曰横，刺期门。<br><br></pre><pre style="white-space:pre-wrap"><b>170.0</b> 　　伤寒脉浮，发热无汗，其表不解者，不可与白虎汤。渴欲饮水，无表证者，白虎加人参汤主之。<br><br></pre><pre style="white-space:pre-wrap"><b>222.0</b> 若渴欲饮水，口干舌燥者，白虎加人参汤主之。<br><br></pre><pre style="white-space:pre-wrap"><b>223.0</b> 若脉浮发热，渴欲饮水，小便不利者，猪苓汤主之。<br><br></pre><pre style="white-space:pre-wrap"><b>244.0</b> 太阳病，寸缓、关浮、尺弱，其人发热汗出，复恶寒，不呕，但心下痞者，此以医下之也。如其不下者，病人不恶寒而渴者，此转属阳明也。小便数者，大便必硬，不更衣十日，无所苦也。渴欲饮水，少少与之，但以法救之。渴者，宜五苓散。<br><br></pre><pre style="white-space:pre-wrap"><b>329.0</b> 　　厥阴病，渴欲饮水者，少少与之，愈。<br><br></pre>",
5,"渴欲饮水   - 金贵要略","<pre style=""white-space:pre-wrap"><b>金贵要略230</b> 　　渴欲饮水，水人则吐者，名曰水逆，五苓散主之（方见上）。<br><br></pre><pre style="white-space:pre-wrap"><b>金贵要略231</b> 　　渴欲饮水不止者，文蛤散主之。<br><br></pre><pre style="white-space:pre-wrap"><b>金贵要略237</b> 　　渴欲饮水，口干舌燥者，白虎加人参汤主之（方见中暍中）。<br><br></pre><pre style="white-space:pre-wrap"><b>金贵要略238</b> 　　脉浮发热，渴欲饮水，小便不利者，猪苓汤主之。<br><br></pre><pre style="white-space:pre-wrap"><b>金贵要略275</b> 　　脉沉，渴欲饮水，小便不利者，皆发黄。<br><br></pre>","2017-11-23 12:12:09.074849","<pre style=""white-space:pre-wrap"><b>金贵要略230</b> 　　渴欲饮水，水人则吐者，名曰水逆，五苓散主之（方见上）。<br><br></pre><pre style="white-space:pre-wrap"><b>金贵要略231</b> 　　渴欲饮水不止者，文蛤散主之。<br><br></pre><pre style="white-space:pre-wrap"><b>金贵要略237</b> 　　渴欲饮水，口干舌燥者，白虎加人参汤主之（方见中暍中）。<br><br></pre><pre style="white-space:pre-wrap"><b>金贵要略238</b> 　　脉浮发热，渴欲饮水，小便不利者，猪苓汤主之。<br><br></pre><pre style="white-space:pre-wrap"><b>金贵要略275</b> 　　脉沉，渴欲饮水，小便不利者，皆发黄。<br><br></pre>",
6,"五苓散 1   - 医学衷中参西录","<pre style=""white-space:pre-wrap"><b>医学衷中参西录 医方·（十六）治霍乱方  3．急救回阳汤<br>3．急救回阳汤
    治霍乱吐泻已极，精神昏昏，气息奄奄，至危之候。
    潞党参（八钱） 生山药（一两） 生杭芍（五钱） 山萸肉（八钱，去净核） 炙甘草（三钱） 赭石（四钱，研细） 朱砂（五分，研细）
    先用童便半盅炖热，送下朱砂，继服汤药。
    以上二方，皆为治霍乱之要药矣。然彼以祛邪为主，此以扶正为主。诚以得此证者，往往因治不如法，致日夜吐泻不已，虚极将脱，危在目前。病势至此，其从前之因凉因热皆不暇深究，惟急宜重用人参以回阳，山药、芍药以滋阴，山萸肉以敛肝气之脱（此证吐泻之始肝木助邪侮土，吐泻之极而肝气转先脱），炙甘草以和中气之漓，此急救回阳汤所以必需也。用赭石者，不但取其能止呕吐，俾所服之药不致吐出，诚以吐泻已久，阴阳将离，赭石色赤入心，能协同人参，助心气下降。而方中山药，又能温固下焦，滋补真阴，协同人参以回肾气之下趋，使之上行也。用朱砂且又送以童便者，又以此时百脉闭塞，系心脏为毒气所伤，将熄其鼓动之机，故用朱砂直入心以解毒，又引以童便使毒气从尿道泻出，而童便之性又能启发肾中之阳上达，以应心脏也。是此汤为回阳之剂，实则交心肾和阴阳之剂也。服此汤后，若身温脉出，觉心中发热有烦躁之意者，宜急滋其阴分，若玄参、生芍药之类，加甘草以和之，煎一大剂，分数次温饮下。此《伤寒论》太阳篇，先用甘草干姜汤继用甘草芍药汤之法也。
    门人高××，曾治一少妇。吐泻一昼夜，甚是困惫，浓煎人参汤，送服益元散而愈。盖独参汤能回阳，益元散能滋阴，又能和中（滑石甘草能和中以止吐泻）解毒（甘草朱砂能解毒），且可引毒气自小便出，是以应手奏效。此亦拙拟急救回阳汤之意也。
    此证之转筋者，多因吐泻不已，肝木乘脾气之虚而侮土。故方书治转筋多用木瓜，以其酸能敛肝，即所以平肝也。然平肝之药，不必定用木瓜。壬寅秋际，霍乱流行，曾单用羚羊角三钱。治愈数人。因羚羊角善解热毒，又为平肝之妙药也。又曾有一人，向愚询治泄泻之方。告以酸石榴连皮捣烂，煎汤服之。后值霍乱发生，其人用其方治霍乱初起之泄泻者，服之泻愈，而霍乱亦愈。由是观之，石榴亦为敛肝之要药，而敛肝之法，又实为治霍乱之要着也。
    霍乱之证，有实热者居多，其真寒凉者，不过百中之一二。即百脉闭塞，周身冰冷，但其不欲复被，思饮凉水，即不可以凉断，当先少少与以凉水，若饮后病增重者，其人虽欲复饮，而不至急索者，凉水可勿与也。
    若饮后病不增重，须臾不与，有不能忍受之状，可尽量与之，任其随饮随吐，借凉水将内毒换出，亦佳方也。
    曾遇有恣饮凉水而愈者，问之，言当病重之时，若一时不饮凉水，即觉不能复活，则凉水之功用可知矣。然凉水须用新汲井泉水方效，无井泉水处，可以冰水代之，或吞服小冰块亦佳。
    王孟英曰：鸡矢白散，为《金匮》治霍乱转筋入腹之方。愚仿其意，拟得蚕矢汤，治霍乱转筋、腹疼、口渴、烦躁，危急之证甚效。方用晚蚕砂、木瓜各三钱，生薏仁、大豆芽（如无可代以生麦芽）各四钱，川黄连、炒山栀各二钱，醋炒半夏、酒炒黄芩、吴茱萸各一钱，以阴阳水煎，稍凉，徐徐服之。丁酉八九月间，吾杭盛行霍乱转筋之证。有沈氏妇者，夜深患此，继即音哑肢寒。比晓，其夫皇皇求为救治。诊其脉弦细以涩，两尺如无，口极渴而沾饮即吐不已，腓坚硬如石，其时疼楚异常。因拟此方治之，徐徐凉饮，药入口竟得不吐。外以好烧酒令人用力摩擦转筋坚硬之处，擦将一时许，其硬块始渐软散，而筋不转吐泻亦减。甫时复与前药半剂，夜间居然安寐矣。后治相类者多人，悉以是法获效。
    陆九芝曰：霍乱一证，有寒有热，热者居其九，寒者居其一。凡由高楼大厦，乘凉饮冷而得之者，仲景则有理中、四逆诸方，后世亦有浆水、大顺、复元、冷香饮子诸方，病多属寒，药则皆宜热。若夫春分以后，秋分以前，少阳相火，少阴君火，太阴湿土，三气合行其令。天之热气则下降，地之湿气则上腾，人在气交之中，清气在阴，浊气在阳，阴阳反戾，清浊相干，气乱于中，而上吐下泻。治此者，宜和阴阳，厘清浊，以定其乱，乱定即无不愈。此则病非寒也，而亦非尽用寒药也。即如薷藿、平陈、胃苓等汤习用之剂，亦皆温通，特不用姜附丁萸之大辛大热者耳。又有不吐不泻而挥霍撩乱者，则多得之饱食之后。凡夏月猝然冒暑，惟食填太阴，亦曰饱食填息。此证为病最速，为祸最酷，而人多忽之。即有知者，亦仅以停食为言，绝不信其为闭证之急者。
    闭则手足肢冷，六脉俱伏，甚则喜近烈日。此乃邪闭而气道不宣，其畏寒也正其热之甚也。此等证，只欠一吐法耳。自吐法之不讲，本属一吐即愈之病，而竟不知用也。此外更有四肢厥逆，甚至周身如冰，而竟不恶寒，反有恶热者，此更是内真热，外假寒，即厥阴中热深厥深之象。岂独不可用四逆、理中，即姜汤、米饮及五苓散中之桂枝，亦不可用。而且宜苦寒之剂，佐以挑痧、刮痧等法，刺出其恶血以泄热毒者。同治壬戌，江苏沪渎，时疫盛行，绵延而至癸亥。余尝以石膏、芩、连，清而愈之者，则暑湿热之霍乱也。以凉水调胆矾吐而愈之者，则饱食填息之霍乱也。其肢皆冷，而其脉皆伏，维时大医，竞用丁萸桂附，日误数人，而竟不知改图，岂不深可惜哉。
    上所录二则，皆于霍乱之证，有所发明，故详志之，以备采择。
    霍乱之证，宜兼用外治之法，以辅药饵所不逮。而外治之法，当以针灸为最要。至应针之处，若十宣、中脘、尺泽、足三里、阴陵、承山、太溪、太仓、太冲、公孙等穴（约略举之，未能悉数），习针灸者大抵皆知。惟督脉部分，有素 穴，刺同身寸之三分出血，最为治霍乱之要着。凡吐泻交作，心中撩乱者，刺之皆效。
    诸针灸之书，皆未言其能治霍乱。世之能针灸者，间有知刺其处者，而或刺鼻准之尖，或刺鼻柱中间，又多不能刺其正穴。两鼻孔中间为鼻柱，《内经》王注，谓此穴在鼻柱之上端，则非鼻准之尖，及鼻柱中间可知。然刺未中其正穴者，犹恒有效验，况刺中其正穴乎。盖此穴通督脉，而鼻通任脉，刺此一处，则督、任二脉，可互相贯通，而周身之血脉，亦因之可贯通矣。
    又宜佐以刮痧之法。盖此证病剧之时，周身冰冷，回血管之血液凝滞不行。当用细口茶碗，将碗边一处少涂香油，两手执定其无油之处，先刮其贴脊两旁，脊椎上亦可轻刮，以刮处尽红为度。盖以脏腑之系皆连于脊，而诸脏腑 穴，亦贴脊两旁，故以刮此处为最要。而刮时，又宜自上而下挨次刮之，可使毒气下行。次刮其胸与胁，次刮其四肢曲处（尺泽委中）及腿内外 ，至头额项肩，亦可用钱刮之。又当兼用放痧之法：将四肢回血管之血，用手赶至腿臂曲处，用带上下扎紧，于尺泽、委中两旁回血管，用扁针刺出其血，以助其血脉之流通，且又放出炭气，俾霍乱之毒菌，从此轻减也。
    又宜佐以温体之法。用滚水煮新砖八个，以熨腋下及四肢曲处，及两脚涌泉穴。或水煮粗浓之布，乘热迭数层，复于转筋之处。即不转筋者，亦可复于少腹及腿肚之上，凉则易之。或以茶壶及水笼袋，满贮热水，以熨各处。或醋炒葱白（切丝）、或醋炒干艾叶（揉碎）熨之。或用手醮火酒或烧酒，急速擦摩其周身及腿肚发硬之处。种种助暖之法不一，临证者随事制宜可也。<br><br></pre>","2017-11-23 13:52:55.045531","<pre style=""white-space:pre-wrap"><b>医学衷中参西录 医方·（十六）治霍乱方  3．急救回阳汤<br>3．急救回阳汤
    治霍乱吐泻已极，精神昏昏，气息奄奄，至危之候。
    潞党参（八钱） 生山药（一两） 生杭芍（五钱） 山萸肉（八钱，去净核） 炙甘草（三钱） 赭石（四钱，研细） 朱砂（五分，研细）
    先用童便半盅炖热，送下朱砂，继服汤药。
    以上二方，皆为治霍乱之要药矣。然彼以祛邪为主，此以扶正为主。诚以得此证者，往往因治不如法，致日夜吐泻不已，虚极将脱，危在目前。病势至此，其从前之因凉因热皆不暇深究，惟急宜重用人参以回阳，山药、芍药以滋阴，山萸肉以敛肝气之脱（此证吐泻之始肝木助邪侮土，吐泻之极而肝气转先脱），炙甘草以和中气之漓，此急救回阳汤所以必需也。用赭石者，不但取其能止呕吐，俾所服之药不致吐出，诚以吐泻已久，阴阳将离，赭石色赤入心，能协同人参，助心气下降。而方中山药，又能温固下焦，滋补真阴，协同人参以回肾气之下趋，使之上行也。用朱砂且又送以童便者，又以此时百脉闭塞，系心脏为毒气所伤，将熄其鼓动之机，故用朱砂直入心以解毒，又引以童便使毒气从尿道泻出，而童便之性又能启发肾中之阳上达，以应心脏也。是此汤为回阳之剂，实则交心肾和阴阳之剂也。服此汤后，若身温脉出，觉心中发热有烦躁之意者，宜急滋其阴分，若玄参、生芍药之类，加甘草以和之，煎一大剂，分数次温饮下。此《伤寒论》太阳篇，先用甘草干姜汤继用甘草芍药汤之法也。
    门人高××，曾治一少妇。吐泻一昼夜，甚是困惫，浓煎人参汤，送服益元散而愈。盖独参汤能回阳，益元散能滋阴，又能和中（滑石甘草能和中以止吐泻）解毒（甘草朱砂能解毒），且可引毒气自小便出，是以应手奏效。此亦拙拟急救回阳汤之意也。
    此证之转筋者，多因吐泻不已，肝木乘脾气之虚而侮土。故方书治转筋多用木瓜，以其酸能敛肝，即所以平肝也。然平肝之药，不必定用木瓜。壬寅秋际，霍乱流行，曾单用羚羊角三钱。治愈数人。因羚羊角善解热毒，又为平肝之妙药也。又曾有一人，向愚询治泄泻之方。告以酸石榴连皮捣烂，煎汤服之。后值霍乱发生，其人用其方治霍乱初起之泄泻者，服之泻愈，而霍乱亦愈。由是观之，石榴亦为敛肝之要药，而敛肝之法，又实为治霍乱之要着也。
    霍乱之证，有实热者居多，其真寒凉者，不过百中之一二。即百脉闭塞，周身冰冷，但其不欲复被，思饮凉水，即不可以凉断，当先少少与以凉水，若饮后病增重者，其人虽欲复饮，而不至急索者，凉水可勿与也。
    若饮后病不增重，须臾不与，有不能忍受之状，可尽量与之，任其随饮随吐，借凉水将内毒换出，亦佳方也。
    曾遇有恣饮凉水而愈者，问之，言当病重之时，若一时不饮凉水，即觉不能复活，则凉水之功用可知矣。然凉水须用新汲井泉水方效，无井泉水处，可以冰水代之，或吞服小冰块亦佳。
    王孟英曰：鸡矢白散，为《金匮》治霍乱转筋入腹之方。愚仿其意，拟得蚕矢汤，治霍乱转筋、腹疼、口渴、烦躁，危急之证甚效。方用晚蚕砂、木瓜各三钱，生薏仁、大豆芽（如无可代以生麦芽）各四钱，川黄连、炒山栀各二钱，醋炒半夏、酒炒黄芩、吴茱萸各一钱，以阴阳水煎，稍凉，徐徐服之。丁酉八九月间，吾杭盛行霍乱转筋之证。有沈氏妇者，夜深患此，继即音哑肢寒。比晓，其夫皇皇求为救治。诊其脉弦细以涩，两尺如无，口极渴而沾饮即吐不已，腓坚硬如石，其时疼楚异常。因拟此方治之，徐徐凉饮，药入口竟得不吐。外以好烧酒令人用力摩擦转筋坚硬之处，擦将一时许，其硬块始渐软散，而筋不转吐泻亦减。甫时复与前药半剂，夜间居然安寐矣。后治相类者多人，悉以是法获效。
    陆九芝曰：霍乱一证，有寒有热，热者居其九，寒者居其一。凡由高楼大厦，乘凉饮冷而得之者，仲景则有理中、四逆诸方，后世亦有浆水、大顺、复元、冷香饮子诸方，病多属寒，药则皆宜热。若夫春分以后，秋分以前，少阳相火，少阴君火，太阴湿土，三气合行其令。天之热气则下降，地之湿气则上腾，人在气交之中，清气在阴，浊气在阳，阴阳反戾，清浊相干，气乱于中，而上吐下泻。治此者，宜和阴阳，厘清浊，以定其乱，乱定即无不愈。此则病非寒也，而亦非尽用寒药也。即如薷藿、平陈、胃苓等汤习用之剂，亦皆温通，特不用姜附丁萸之大辛大热者耳。又有不吐不泻而挥霍撩乱者，则多得之饱食之后。凡夏月猝然冒暑，惟食填太阴，亦曰饱食填息。此证为病最速，为祸最酷，而人多忽之。即有知者，亦仅以停食为言，绝不信其为闭证之急者。
    闭则手足肢冷，六脉俱伏，甚则喜近烈日。此乃邪闭而气道不宣，其畏寒也正其热之甚也。此等证，只欠一吐法耳。自吐法之不讲，本属一吐即愈之病，而竟不知用也。此外更有四肢厥逆，甚至周身如冰，而竟不恶寒，反有恶热者，此更是内真热，外假寒，即厥阴中热深厥深之象。岂独不可用四逆、理中，即姜汤、米饮及五苓散中之桂枝，亦不可用。而且宜苦寒之剂，佐以挑痧、刮痧等法，刺出其恶血以泄热毒者。同治壬戌，江苏沪渎，时疫盛行，绵延而至癸亥。余尝以石膏、芩、连，清而愈之者，则暑湿热之霍乱也。以凉水调胆矾吐而愈之者，则饱食填息之霍乱也。其肢皆冷，而其脉皆伏，维时大医，竞用丁萸桂附，日误数人，而竟不知改图，岂不深可惜哉。
    上所录二则，皆于霍乱之证，有所发明，故详志之，以备采择。
    霍乱之证，宜兼用外治之法，以辅药饵所不逮。而外治之法，当以针灸为最要。至应针之处，若十宣、中脘、尺泽、足三里、阴陵、承山、太溪、太仓、太冲、公孙等穴（约略举之，未能悉数），习针灸者大抵皆知。惟督脉部分，有素 穴，刺同身寸之三分出血，最为治霍乱之要着。凡吐泻交作，心中撩乱者，刺之皆效。
    诸针灸之书，皆未言其能治霍乱。世之能针灸者，间有知刺其处者，而或刺鼻准之尖，或刺鼻柱中间，又多不能刺其正穴。两鼻孔中间为鼻柱，《内经》王注，谓此穴在鼻柱之上端，则非鼻准之尖，及鼻柱中间可知。然刺未中其正穴者，犹恒有效验，况刺中其正穴乎。盖此穴通督脉，而鼻通任脉，刺此一处，则督、任二脉，可互相贯通，而周身之血脉，亦因之可贯通矣。
    又宜佐以刮痧之法。盖此证病剧之时，周身冰冷，回血管之血液凝滞不行。当用细口茶碗，将碗边一处少涂香油，两手执定其无油之处，先刮其贴脊两旁，脊椎上亦可轻刮，以刮处尽红为度。盖以脏腑之系皆连于脊，而诸脏腑 穴，亦贴脊两旁，故以刮此处为最要。而刮时，又宜自上而下挨次刮之，可使毒气下行。次刮其胸与胁，次刮其四肢曲处（尺泽委中）及腿内外 ，至头额项肩，亦可用钱刮之。又当兼用放痧之法：将四肢回血管之血，用手赶至腿臂曲处，用带上下扎紧，于尺泽、委中两旁回血管，用扁针刺出其血，以助其血脉之流通，且又放出炭气，俾霍乱之毒菌，从此轻减也。
    又宜佐以温体之法。用滚水煮新砖八个，以熨腋下及四肢曲处，及两脚涌泉穴。或水煮粗浓之布，乘热迭数层，复于转筋之处。即不转筋者，亦可复于少腹及腿肚之上，凉则易之。或以茶壶及水笼袋，满贮热水，以熨各处。或醋炒葱白（切丝）、或醋炒干艾叶（揉碎）熨之。或用手醮火酒或烧酒，急速擦摩其周身及腿肚发硬之处。种种助暖之法不一，临证者随事制宜可也。<br><br></pre>",
7,"五苓散 2   - 医学衷中参西录","<pre style=""white-space:pre-wrap"><b>医学衷中参西录 医方·本草  57．茯苓、茯神解<br>57．茯苓、茯神解
    茯苓：气味俱淡，性平。善理脾胃，因脾胃属土，土之味原淡（土味淡之理，徐灵胎曾详论之），是以《内经》谓淡气归胃，而《慎柔五书》上述《内经》之旨，亦谓味淡能养脾阴。盖其性能化胃中痰饮为水液，引之输于脾而达于肺，复下循三焦水道以归膀胱，为渗湿利痰之主药。然其性纯良，泻中有补，虽为渗利之品，实能培土生金，有益于脾胃及肺。且以其得松根有余之气，伏藏地中不外透生苗，故又善敛心气之浮越以安魂定魄，兼能泻心下之水饮以除惊悸，又为心经要药。且其伏藏之性，又能敛抑外越之水气转而下注，不使作汗透出，兼为止汗之要药也。其抱根而生者为茯神，养心之力，较胜于茯苓。茯苓若入煎剂，其切作块者，终日煎之不透，必须切薄片，或捣为末，方能煎透。
    【附录】友人竹××曰：“嵊县吴氏一家，以种苓为业。春间吴氏之媳病，盖产后月余，壮热口渴不引饮，汗出不止，心悸不寐，延余往治。病患面现红色，脉有滑象，急用甘草、麦冬、竹叶、柏子仁、浮小麦、大枣煎饮不效；继用酸枣仁汤，减川芎加浮小麦、大枣，亦不效；又用归脾汤加龙骨、牡蛎、萸肉则仍然如故。
    当此之时，余束手无策，忽一人进而言曰：‘何不用补药以缓之’，余思此无稽之谈，所云补药者，心无见识也，姑漫应之。时已届晚寝之时，至次日早起，其翁奔告曰：‘予媳之病昨夜用补药医痊矣。’余将信将疑，不识补药究系何物。乃翁持渣来见，钵中有茯苓四五两，噫！茯苓焉，胡为云补药哉？余半晌不能言。危坐思之，凡病有一线生机，皆可医治。茯苓固治心悸之要药，亦治汗出之主药。仲景治伤寒汗出而渴者五苓散，不渴者茯苓甘草汤。伤寒厥而心下悸者宜先治水，当服茯苓甘草汤。可知心悸者汗出过多，心液内涸，肾水上救入心则悸，余药不能治水，故用茯苓以镇之。是证心悸不寐，其不寐由心悸而来，即心悸亦从汗出而来，其壮热口渴不引饮、脉滑，皆有水气之象，今幸遇种苓家，否则汗出不止，终当亡阳，水气凌心，必当灭火，是谁之过欤？余引咎而退。”观竹××此论，不惜暴一己之失，以为医界说法，其疏解经文之处，能将仲景用茯苓之深意，彰彰表出，固其析理之精，亦见其居心之浓也。
    湖北天门县崔××来函云：一九三○年，李姓妇，头目眩晕、心中怔忡、呕吐涎沫，有时觉气上冲，昏愦不省人事。他医治以安神之药无效，继又延医十余人皆服药无效，危险已至极点。生诊其脉，浮而无力，视其形状无可下药。恍悟《衷中参西录》茯苓解中，所论重用茯苓之法，当可挽回此证。遂俾单用茯苓一两煎汤服之，服后甫五分钟，病即轻减，旋即煎渣再服，益神清气爽，连服数剂，病即全愈。后每遇类此证者，投此方皆可奏效。<br><br></pre>","2017-11-23 13:52:55.045531","<pre style=""white-space:pre-wrap"><b>医学衷中参西录 医方·本草  57．茯苓、茯神解<br>57．茯苓、茯神解
    茯苓：气味俱淡，性平。善理脾胃，因脾胃属土，土之味原淡（土味淡之理，徐灵胎曾详论之），是以《内经》谓淡气归胃，而《慎柔五书》上述《内经》之旨，亦谓味淡能养脾阴。盖其性能化胃中痰饮为水液，引之输于脾而达于肺，复下循三焦水道以归膀胱，为渗湿利痰之主药。然其性纯良，泻中有补，虽为渗利之品，实能培土生金，有益于脾胃及肺。且以其得松根有余之气，伏藏地中不外透生苗，故又善敛心气之浮越以安魂定魄，兼能泻心下之水饮以除惊悸，又为心经要药。且其伏藏之性，又能敛抑外越之水气转而下注，不使作汗透出，兼为止汗之要药也。其抱根而生者为茯神，养心之力，较胜于茯苓。茯苓若入煎剂，其切作块者，终日煎之不透，必须切薄片，或捣为末，方能煎透。
    【附录】友人竹××曰：“嵊县吴氏一家，以种苓为业。春间吴氏之媳病，盖产后月余，壮热口渴不引饮，汗出不止，心悸不寐，延余往治。病患面现红色，脉有滑象，急用甘草、麦冬、竹叶、柏子仁、浮小麦、大枣煎饮不效；继用酸枣仁汤，减川芎加浮小麦、大枣，亦不效；又用归脾汤加龙骨、牡蛎、萸肉则仍然如故。
    当此之时，余束手无策，忽一人进而言曰：‘何不用补药以缓之’，余思此无稽之谈，所云补药者，心无见识也，姑漫应之。时已届晚寝之时，至次日早起，其翁奔告曰：‘予媳之病昨夜用补药医痊矣。’余将信将疑，不识补药究系何物。乃翁持渣来见，钵中有茯苓四五两，噫！茯苓焉，胡为云补药哉？余半晌不能言。危坐思之，凡病有一线生机，皆可医治。茯苓固治心悸之要药，亦治汗出之主药。仲景治伤寒汗出而渴者五苓散，不渴者茯苓甘草汤。伤寒厥而心下悸者宜先治水，当服茯苓甘草汤。可知心悸者汗出过多，心液内涸，肾水上救入心则悸，余药不能治水，故用茯苓以镇之。是证心悸不寐，其不寐由心悸而来，即心悸亦从汗出而来，其壮热口渴不引饮、脉滑，皆有水气之象，今幸遇种苓家，否则汗出不止，终当亡阳，水气凌心，必当灭火，是谁之过欤？余引咎而退。”观竹××此论，不惜暴一己之失，以为医界说法，其疏解经文之处，能将仲景用茯苓之深意，彰彰表出，固其析理之精，亦见其居心之浓也。
    湖北天门县崔××来函云：一九三○年，李姓妇，头目眩晕、心中怔忡、呕吐涎沫，有时觉气上冲，昏愦不省人事。他医治以安神之药无效，继又延医十余人皆服药无效，危险已至极点。生诊其脉，浮而无力，视其形状无可下药。恍悟《衷中参西录》茯苓解中，所论重用茯苓之法，当可挽回此证。遂俾单用茯苓一两煎汤服之，服后甫五分钟，病即轻减，旋即煎渣再服，益神清气爽，连服数剂，病即全愈。后每遇类此证者，投此方皆可奏效。<br><br></pre>",
8,"五苓散 3   - 医学衷中参西录","<pre style=""white-space:pre-wrap"><b>医学衷中参西录 医论  32．太阴病宜四逆辈诸寒证<br>32．太阴病宜四逆辈诸寒证
    太阴自少阳传来原无寒证，乃有其脏本素有寒积，经外感传入而触发之，致太阴外感之证不显，而惟显其内蓄之寒凉以为病者，是则不当治外感，惟宜治内伤矣。
    《伤寒沦》原文：自利不渴者，属太阴，以其脏有寒故也。当温之，宜四逆辈。
    陈修园曰：自利者，不因下而利也。凡利则津液下注，多见口渴，惟太阴湿土之为病不渴，至于下利者当温之，而浑言四逆辈，所包括之方原甚广。
    王和安谓：温其中兼温其下宜四逆，但温其中宜理中、吴茱萸，寒结宜大建中汤。湿宜真武汤，渴者宜五苓散，不渴而滑宜赤石脂禹余粮汤。而愚则谓甘草干姜汤、干姜附子汤、茯苓四逆汤诸方，皆可因证选用也。<br><br></pre>","2017-11-23 13:52:55.045531","<pre style=""white-space:pre-wrap"><b>医学衷中参西录 医论  32．太阴病宜四逆辈诸寒证<br>32．太阴病宜四逆辈诸寒证
    太阴自少阳传来原无寒证，乃有其脏本素有寒积，经外感传入而触发之，致太阴外感之证不显，而惟显其内蓄之寒凉以为病者，是则不当治外感，惟宜治内伤矣。
    《伤寒沦》原文：自利不渴者，属太阴，以其脏有寒故也。当温之，宜四逆辈。
    陈修园曰：自利者，不因下而利也。凡利则津液下注，多见口渴，惟太阴湿土之为病不渴，至于下利者当温之，而浑言四逆辈，所包括之方原甚广。
    王和安谓：温其中兼温其下宜四逆，但温其中宜理中、吴茱萸，寒结宜大建中汤。湿宜真武汤，渴者宜五苓散，不渴而滑宜赤石脂禹余粮汤。而愚则谓甘草干姜汤、干姜附子汤、茯苓四逆汤诸方，皆可因证选用也。<br><br></pre>",
9,"五苓散 4   - 医学衷中参西录","<pre style=""white-space:pre-wrap"><b>医学衷中参西录 医论  89．论用药以胜病为主不拘分量之多少<br>89．论用药以胜病为主不拘分量之多少
    尝思用药所以除病，所服之药病当之，非人当之也（惟用药不对病者则人当之而有害矣）。乃有所用之药本可除病，而往往服之不效，间有激动其病愈加重者，此无他，药不胜病故也。病足以当其药而绰有余力，药何以能除病乎？愚感于医界多有此弊，略举前贤之医案数则、时贤之医案数则及拙治之医案数则，以贡诸医界同人。
    明李士材治鲁藩阳极似阴证，时方盛暑，寝门重闭，密设毡帷，身复貂被，而犹呼冷。士材往视之曰：“此热证也。古有冷水灌顶法，今姑通变用之。”乃以生石膏三斤煎汤三碗，作三次服。一服去貂被，再服去毡帷，服至三次体蒸流汗，遂呼进粥，病若失矣。
    清道光间，归安江涵暾着《笔花医镜》，内载治一时疫发斑案，共享生石膏十四斤，其斑始透。
    吴鞠通治何姓叟，手足拘挛，误服桂附人参熟地等补阳，以致面赤，脉洪数，小便闭，身重不能转侧，手不能上至鬓，足蜷曲丝毫不能移动。每剂药中重用生石膏半斤，日进一剂，服至三月后，始收全功。
    又：治蛊胀，无汗，脉象沉弦而细。投以《金匮》麻黄附子甘草汤行太阳之阳，即以泻厥阴之阴。麻黄去节，重用二两，熟附子两六钱，炙甘草二钱，煎汤五饭碗。先服半碗得汗至眉；二次汗至眼；约每次其汗下出寸许。每次服药后，即啜鲤鱼热汤以助其汗。一昼夜饮完药二剂，鲤鱼汤饮一锅，汗出至膝上，未能过膝。脐以上肿尽消，其腹仍大，小便不利。改用五苓散。初服不效，将方中肉桂改用新鲜紫油安边青花桂四钱，又加辽人参三钱，服后小便大通，腹胀遂消。
    山东海丰，清咸丰时有杨氏少妇，得奇疾：脊背肿热，赤身卧帐中，若有一缕着身，即热不能支。适有宜兴苏先生乘海船赴北闱，经过其处。其人精医术，延为诊视，断为阳毒，俾用大黄十斤，煎汤十斤，放量陆续饮之，尽剂而愈。
    萧琢如着《遁园医案》。其案中最善用《伤寒论》、《金匮》诸方。载有治其从妹腹中寒凉作疼，脉象沉迟而弦紧，每剂中重用乌附子二两，连服附子近二十斤，其病始愈。
    又：治余某妻，左边少腹内有块，常结不散，痛时则块膨胀如拳，手足痹软，遍身冷汗，不省人事，脉象沉紧，舌苔白浓而湿滑，面色暗晦。与通脉四逆汤，乌附子八钱；渐增至四两。煎汤一大碗，分数次饮下。
    内块降序，证亦皆见轻。病患以为药既对证，遂放胆煎好一剂顿服下，顷之面热如醉，手足拘挛，舌尖麻，已而呕吐，汗出，其病脱然全愈。
    刘蔚楚着《遇安斋证治丛录》，其中用大剂治愈险证尤多。
    如其治极重鼠疫，用白虎汤，生石膏一剂，渐加至斤余。治产后温热，用白虎加人参汤，一剂中用生石膏半斤，连服十余剂始愈。治阳虚汗脱，用术附汤，每剂术用四两，渐加至一斤，天雄用二两，渐加至半斤。如此胆识，俱臻极顶，洵堪为挽回重病者之不二法程也。
    至于愚生平用大剂挽回重证之案甚多，其已载于医方篇中，兹不复赘。惟即从前未登出者略录数则，以质诸医界同人。
    奉天王姓妇，受妊恶阻呕吐，半月勺水不存，无论何药下咽即吐出，势极危险。爰用自制半夏二两（自制者中无矾味善止呕吐）、生赭石细末半斤、生怀山药两半，共煎汤八百瓦药瓶一瓶（约二十两强）或凉饮温饮，随病患所欲，徐徐饮下，二日尽剂而愈。夫半夏、赭石皆为妊妇禁药，而愚如此放胆用之毫无顾忌者，即《内经》所谓“有故无殒亦无殒也”。然此中仍另有妙理，详参赭镇气汤下，可参观。
    西安县张××腿疼，其人身体强壮，三十未娶，两腿肿疼，胫骨处尤甚。服热药则加剧，服凉药则平平，医治年余无效。其脉象洪实，右脉尤甚；其疼肿之处皆发热，断为相火炽盛，小便必稍有不利，因致湿热相并下注。宜投以清热利湿之剂。初用生石膏二两，连翘茅根各三钱，煎汤服。后渐加至石膏半斤，连翘茅根仍旧，日服两剂，其第二剂石膏减半。如此月余，共计用生石膏十七斤，疼与肿皆大轻减；其饮食如常，大便日行一次，分毫未觉寒凉。嘱其仍服原方，再十余剂当脱然全愈矣。
    奉天刘某，因常受锅炉之炙热，阴血暗耗，脏腑经络之间皆蕴有热性，至仲春又薄受外感，其热陡发，表里俱觉壮热，医者治以滋阴清热之药，十余剂分毫无效。其脉搏近六至，右部甚实，大便两三日一行，知其阳明府热甚炽又兼阴分虚损也。投以大剂白虎加人参汤，生石膏用四两，人参用六钱，以生山药代方中粳米，又加玄参、天冬各一两，煎汤一大碗，分三次温饮下，日进一剂。乃服后其热稍退，药力歇后仍如故。后将石膏渐加至半斤，一日连进二剂，如此三日，热退十之八九，其大便日下一次，遂改用清凉滋阴之剂，数日全愈。共计所用生石膏已八斤强矣。
    愚在籍时曾治一壮年癫狂失心，六脉皆闭，重按亦分毫不见（于以知顽痰能闭脉）。投以大承气汤加赭石二两，煎汤送服甘遂细末三钱（此方名荡痰加甘遂汤以治癫狂之重者，若去甘遂名荡痰汤以治癫狂之轻者，二方救人多矣）。服后大便未行。隔数日（凡有甘遂之药不可连日服之，连服必作呕吐）将药剂加重，大黄赭石各用三两，仍送服甘遂三钱，大便仍无行动。遂改用巴豆霜五分，单用赭石细末四两煎汤送下，间三日一服（巴豆亦不可连服，若连服则肠胃腐烂矣）。每服后大便行数次，杂以成块之痰若干。
    服至两次，其脉即出。至五次，痰净，其癫狂遂愈。复改用清火化瘀之药，服数剂以善其后。<br><br></pre>","2017-11-23 13:52:55.045531","<pre style=""white-space:pre-wrap"><b>医学衷中参西录 医论  89．论用药以胜病为主不拘分量之多少<br>89．论用药以胜病为主不拘分量之多少
    尝思用药所以除病，所服之药病当之，非人当之也（惟用药不对病者则人当之而有害矣）。乃有所用之药本可除病，而往往服之不效，间有激动其病愈加重者，此无他，药不胜病故也。病足以当其药而绰有余力，药何以能除病乎？愚感于医界多有此弊，略举前贤之医案数则、时贤之医案数则及拙治之医案数则，以贡诸医界同人。
    明李士材治鲁藩阳极似阴证，时方盛暑，寝门重闭，密设毡帷，身复貂被，而犹呼冷。士材往视之曰：“此热证也。古有冷水灌顶法，今姑通变用之。”乃以生石膏三斤煎汤三碗，作三次服。一服去貂被，再服去毡帷，服至三次体蒸流汗，遂呼进粥，病若失矣。
    清道光间，归安江涵暾着《笔花医镜》，内载治一时疫发斑案，共享生石膏十四斤，其斑始透。
    吴鞠通治何姓叟，手足拘挛，误服桂附人参熟地等补阳，以致面赤，脉洪数，小便闭，身重不能转侧，手不能上至鬓，足蜷曲丝毫不能移动。每剂药中重用生石膏半斤，日进一剂，服至三月后，始收全功。
    又：治蛊胀，无汗，脉象沉弦而细。投以《金匮》麻黄附子甘草汤行太阳之阳，即以泻厥阴之阴。麻黄去节，重用二两，熟附子两六钱，炙甘草二钱，煎汤五饭碗。先服半碗得汗至眉；二次汗至眼；约每次其汗下出寸许。每次服药后，即啜鲤鱼热汤以助其汗。一昼夜饮完药二剂，鲤鱼汤饮一锅，汗出至膝上，未能过膝。脐以上肿尽消，其腹仍大，小便不利。改用五苓散。初服不效，将方中肉桂改用新鲜紫油安边青花桂四钱，又加辽人参三钱，服后小便大通，腹胀遂消。
    山东海丰，清咸丰时有杨氏少妇，得奇疾：脊背肿热，赤身卧帐中，若有一缕着身，即热不能支。适有宜兴苏先生乘海船赴北闱，经过其处。其人精医术，延为诊视，断为阳毒，俾用大黄十斤，煎汤十斤，放量陆续饮之，尽剂而愈。
    萧琢如着《遁园医案》。其案中最善用《伤寒论》、《金匮》诸方。载有治其从妹腹中寒凉作疼，脉象沉迟而弦紧，每剂中重用乌附子二两，连服附子近二十斤，其病始愈。
    又：治余某妻，左边少腹内有块，常结不散，痛时则块膨胀如拳，手足痹软，遍身冷汗，不省人事，脉象沉紧，舌苔白浓而湿滑，面色暗晦。与通脉四逆汤，乌附子八钱；渐增至四两。煎汤一大碗，分数次饮下。
    内块降序，证亦皆见轻。病患以为药既对证，遂放胆煎好一剂顿服下，顷之面热如醉，手足拘挛，舌尖麻，已而呕吐，汗出，其病脱然全愈。
    刘蔚楚着《遇安斋证治丛录》，其中用大剂治愈险证尤多。
    如其治极重鼠疫，用白虎汤，生石膏一剂，渐加至斤余。治产后温热，用白虎加人参汤，一剂中用生石膏半斤，连服十余剂始愈。治阳虚汗脱，用术附汤，每剂术用四两，渐加至一斤，天雄用二两，渐加至半斤。如此胆识，俱臻极顶，洵堪为挽回重病者之不二法程也。
    至于愚生平用大剂挽回重证之案甚多，其已载于医方篇中，兹不复赘。惟即从前未登出者略录数则，以质诸医界同人。
    奉天王姓妇，受妊恶阻呕吐，半月勺水不存，无论何药下咽即吐出，势极危险。爰用自制半夏二两（自制者中无矾味善止呕吐）、生赭石细末半斤、生怀山药两半，共煎汤八百瓦药瓶一瓶（约二十两强）或凉饮温饮，随病患所欲，徐徐饮下，二日尽剂而愈。夫半夏、赭石皆为妊妇禁药，而愚如此放胆用之毫无顾忌者，即《内经》所谓“有故无殒亦无殒也”。然此中仍另有妙理，详参赭镇气汤下，可参观。
    西安县张××腿疼，其人身体强壮，三十未娶，两腿肿疼，胫骨处尤甚。服热药则加剧，服凉药则平平，医治年余无效。其脉象洪实，右脉尤甚；其疼肿之处皆发热，断为相火炽盛，小便必稍有不利，因致湿热相并下注。宜投以清热利湿之剂。初用生石膏二两，连翘茅根各三钱，煎汤服。后渐加至石膏半斤，连翘茅根仍旧，日服两剂，其第二剂石膏减半。如此月余，共计用生石膏十七斤，疼与肿皆大轻减；其饮食如常，大便日行一次，分毫未觉寒凉。嘱其仍服原方，再十余剂当脱然全愈矣。
    奉天刘某，因常受锅炉之炙热，阴血暗耗，脏腑经络之间皆蕴有热性，至仲春又薄受外感，其热陡发，表里俱觉壮热，医者治以滋阴清热之药，十余剂分毫无效。其脉搏近六至，右部甚实，大便两三日一行，知其阳明府热甚炽又兼阴分虚损也。投以大剂白虎加人参汤，生石膏用四两，人参用六钱，以生山药代方中粳米，又加玄参、天冬各一两，煎汤一大碗，分三次温饮下，日进一剂。乃服后其热稍退，药力歇后仍如故。后将石膏渐加至半斤，一日连进二剂，如此三日，热退十之八九，其大便日下一次，遂改用清凉滋阴之剂，数日全愈。共计所用生石膏已八斤强矣。
    愚在籍时曾治一壮年癫狂失心，六脉皆闭，重按亦分毫不见（于以知顽痰能闭脉）。投以大承气汤加赭石二两，煎汤送服甘遂细末三钱（此方名荡痰加甘遂汤以治癫狂之重者，若去甘遂名荡痰汤以治癫狂之轻者，二方救人多矣）。服后大便未行。隔数日（凡有甘遂之药不可连日服之，连服必作呕吐）将药剂加重，大黄赭石各用三两，仍送服甘遂三钱，大便仍无行动。遂改用巴豆霜五分，单用赭石细末四两煎汤送下，间三日一服（巴豆亦不可连服，若连服则肠胃腐烂矣）。每服后大便行数次，杂以成块之痰若干。
    服至两次，其脉即出。至五次，痰净，其癫狂遂愈。复改用清火化瘀之药，服数剂以善其后。<br><br></pre>",
10,"五苓散 5   - 医学衷中参西录","<pre style=""white-space:pre-wrap"><b>医学衷中参西录 医论  24．答徐××读《伤寒论》质疑四则<br>24．答徐××读《伤寒论》质疑四则
    古人之书不可不信，又不可尽信。愚不揣固陋，敢将徐××所疑《伤寒论》四则，反复陈之。
    第一疑：在太阳下编第二十节。其节为病在太阳之表，而不知汗解，反用凉水 之、灌之，其外感之寒已变热者，经内外之凉水排挤，不能出，入郁于肉中而烦热起粟，然其热在肌肉，不在胃府，故意欲饮水而不渴，治宜文蛤散。夫文蛤散乃蛤粉之未经 炼者也。服之，其质不化，药力难出，且虽为蛤壳，而实则介虫之甲，其性沉降，达表之力原甚微，借以消肉上之起粟似难奏功。故继曰：“若不瘥者，与五苓散。”其方取其能利湿兼能透表，又能健运脾胃以助利湿透表之原动力，其病当瘥矣。然又可虑者，所灌之凉水过多，与上焦外感之邪互相胶漆而成寒实结胸，则非前二方所能治疗矣。故宜用三物小陷胸汤或白散。夫白散之辛温开通，用于此证当矣。至于三物小陷胸汤，若即系小陷胸汤，用于此证，以寒治寒，亦当乎？注家谓此系反治之法。夫反治者，以热治寒，恐其 格而少用凉药为引，以为热药之反佐，非纯以凉药治寒也。盖注者震摄于古人之隆名，即遇古书有舛错遗失之处，亦必曲为原护，不知此正所以误古人而更贻误后人也。是以拙着《衷中参西录》，于古方之可确信者，恒为之极力表彰，或更通变化裁，推行尽致，以穷其妙用；于其难确信者，则恒姑为悬疑，以待识者之论断。盖欲为医学力求进化，不得不如斯也。
    此节中三物小陷胸汤，唐容川疑其另为一方，非即小陷胸汤。
    然伤寒太阳病实鲜有用水 、水灌之事，愚疑此节非仲景原文也。
    第二疑：在太阳下编三十二节。其节为：“太阳病，医发汗，遂发热恶寒，因复下之，心下痞，表里俱虚，阴阳气并竭，无阳则阴独，复加烧针，因胸烦，面色青黄，肤 者难治，今色微黄，手足温者，易治。”按此节文义，必有讹遗之字。阴阳气并竭句，陈氏释为阴阳气不交，甚当。至无阳则阴独句，鄙意以为独下当有结字。盖言误汗误下，上焦阳气衰微，不能宣通，故阴气独结于心下而为痞也。
    第三疑：在太阳下编五十四节。其节为伤寒脉浮滑。夫滑则热入里矣，乃滑而兼浮，是其热未尽入里，半在阳明之府，半在阳明之经也。在经为表，在府为里，故曰表有热，里有寒。《内经》谓“热病者，皆伤寒之类也。”又谓“人之伤于寒也，则为病热。”此所谓里有寒者，盖谓伤寒之热邪已入里也。陈氏之解原如斯，愚则亦以为然。至他注疏家，有谓此寒热二字宜上下互易，当作外有寒里有热者。然其脉象既现浮滑，其外表断不至恶寒也。有谓此寒字当系痰之误，因痰寒二音相近，且脉滑亦为有痰之证也。然在寒温，其脉有滑象原主阳明之热已实，且足征病者气血素充，治亦易愈。若因其脉滑而以为有痰，则白虎汤岂为治痰之剂乎？
    第四疑：在阳明篇第七十六节。其节为病患无表里证，盖言无头痛项强恶寒之表证，又无腹满便硬之里证也。继谓发热七八日虽脉浮数者可下之，此数语殊令人诧异。夫脉浮宜汗，脉数忌下，人人皆知，况其脉浮数并见而竟下之，其病不愈而脉更加数也必矣。故继言假令已下脉数不解云云。后则因消谷善饥，久不大便而复以抵当汤下之。夫寒温之证脉数者，必不思饮食，未见有消谷善饥者。且即消谷善饥，不大便，何以见其必有瘀血，而轻投以抵当汤乎？继则又言若脉数仍不解而下不止云云，是因一下再下而其人已下脱也。
    夫用药以解其脉数，其脉数未解，而转致其下脱，此其用药诚为节节失宜，而犹可信为仲景之原文乎？
    试观阳明篇第三十一节，仲景对于下证如何郑重。将两节文对观，则此节为伪作昭然矣。夫古经之中，犹不免伪作（如尚书之今文），至方术之书，其有伪作也原无足深讶。所望注疏家审为辨别而批判之，不至贻误于医界，则幸甚矣！<br><br></pre>","2017-11-23 13:52:55.045531","<pre style=""white-space:pre-wrap"><b>医学衷中参西录 医论  24．答徐××读《伤寒论》质疑四则<br>24．答徐××读《伤寒论》质疑四则
    古人之书不可不信，又不可尽信。愚不揣固陋，敢将徐××所疑《伤寒论》四则，反复陈之。
    第一疑：在太阳下编第二十节。其节为病在太阳之表，而不知汗解，反用凉水 之、灌之，其外感之寒已变热者，经内外之凉水排挤，不能出，入郁于肉中而烦热起粟，然其热在肌肉，不在胃府，故意欲饮水而不渴，治宜文蛤散。夫文蛤散乃蛤粉之未经 炼者也。服之，其质不化，药力难出，且虽为蛤壳，而实则介虫之甲，其性沉降，达表之力原甚微，借以消肉上之起粟似难奏功。故继曰：“若不瘥者，与五苓散。”其方取其能利湿兼能透表，又能健运脾胃以助利湿透表之原动力，其病当瘥矣。然又可虑者，所灌之凉水过多，与上焦外感之邪互相胶漆而成寒实结胸，则非前二方所能治疗矣。故宜用三物小陷胸汤或白散。夫白散之辛温开通，用于此证当矣。至于三物小陷胸汤，若即系小陷胸汤，用于此证，以寒治寒，亦当乎？注家谓此系反治之法。夫反治者，以热治寒，恐其 格而少用凉药为引，以为热药之反佐，非纯以凉药治寒也。盖注者震摄于古人之隆名，即遇古书有舛错遗失之处，亦必曲为原护，不知此正所以误古人而更贻误后人也。是以拙着《衷中参西录》，于古方之可确信者，恒为之极力表彰，或更通变化裁，推行尽致，以穷其妙用；于其难确信者，则恒姑为悬疑，以待识者之论断。盖欲为医学力求进化，不得不如斯也。
    此节中三物小陷胸汤，唐容川疑其另为一方，非即小陷胸汤。
    然伤寒太阳病实鲜有用水 、水灌之事，愚疑此节非仲景原文也。
    第二疑：在太阳下编三十二节。其节为：“太阳病，医发汗，遂发热恶寒，因复下之，心下痞，表里俱虚，阴阳气并竭，无阳则阴独，复加烧针，因胸烦，面色青黄，肤 者难治，今色微黄，手足温者，易治。”按此节文义，必有讹遗之字。阴阳气并竭句，陈氏释为阴阳气不交，甚当。至无阳则阴独句，鄙意以为独下当有结字。盖言误汗误下，上焦阳气衰微，不能宣通，故阴气独结于心下而为痞也。
    第三疑：在太阳下编五十四节。其节为伤寒脉浮滑。夫滑则热入里矣，乃滑而兼浮，是其热未尽入里，半在阳明之府，半在阳明之经也。在经为表，在府为里，故曰表有热，里有寒。《内经》谓“热病者，皆伤寒之类也。”又谓“人之伤于寒也，则为病热。”此所谓里有寒者，盖谓伤寒之热邪已入里也。陈氏之解原如斯，愚则亦以为然。至他注疏家，有谓此寒热二字宜上下互易，当作外有寒里有热者。然其脉象既现浮滑，其外表断不至恶寒也。有谓此寒字当系痰之误，因痰寒二音相近，且脉滑亦为有痰之证也。然在寒温，其脉有滑象原主阳明之热已实，且足征病者气血素充，治亦易愈。若因其脉滑而以为有痰，则白虎汤岂为治痰之剂乎？
    第四疑：在阳明篇第七十六节。其节为病患无表里证，盖言无头痛项强恶寒之表证，又无腹满便硬之里证也。继谓发热七八日虽脉浮数者可下之，此数语殊令人诧异。夫脉浮宜汗，脉数忌下，人人皆知，况其脉浮数并见而竟下之，其病不愈而脉更加数也必矣。故继言假令已下脉数不解云云。后则因消谷善饥，久不大便而复以抵当汤下之。夫寒温之证脉数者，必不思饮食，未见有消谷善饥者。且即消谷善饥，不大便，何以见其必有瘀血，而轻投以抵当汤乎？继则又言若脉数仍不解而下不止云云，是因一下再下而其人已下脱也。
    夫用药以解其脉数，其脉数未解，而转致其下脱，此其用药诚为节节失宜，而犹可信为仲景之原文乎？
    试观阳明篇第三十一节，仲景对于下证如何郑重。将两节文对观，则此节为伪作昭然矣。夫古经之中，犹不免伪作（如尚书之今文），至方术之书，其有伪作也原无足深讶。所望注疏家审为辨别而批判之，不至贻误于医界，则幸甚矣！<br><br></pre>",
11,"五苓散 6   - 医学衷中参西录","<pre style=""white-space:pre-wrap"><b>医学衷中参西录 医案·（十七）霍乱门  1．霍乱兼转筋<br>1．霍乱兼转筋
    天津王××，年三十八岁，于季冬得霍乱证。
    病因 厂中腊底事务烦杂，劳心过度，暗生内热，又兼因怒激动肝火，怒犹未歇，遽就寝睡，至一点钟时，觉心中扰乱，腹中作疼，移时则吐泻交作，遂成霍乱。
    证候 心中发热而渴，恶心怔忡，饮水须臾即吐，腹中时疼时止，疼剧时则下泻，泻时异常觉热，偶有小便，热亦如斯，有时两腿筋转，然不甚剧，其脉象无力，却无闭塞之象。
    诊断 霍乱之证，恒有脉象无火而其实际转大热者，即或脉闭身冷显露寒凉之象，亦不可遽以凉断。此证脉象不见有热，而心中热而且渴，二便尤甚觉热，其为内蕴实热无疑。至其脉不见有热象者，以心脏因受毒麻痹，而机关之启闭无力也。拟用大剂寒凉清其内热，而辅以解毒消菌之品。
    处方 生石膏（三两捣细） 生杭芍（八钱） 清半夏（五钱温水淘三次） 生怀山药（五钱）嫩竹茹（三钱碎的） 甘松（二钱） 甘草（三钱）
    共煎汤三盅，分三次温服下。每次送服卫生防疫宝丹五十粒。
    方载后方中。甘松亦名甘松香，即西药中之缬草也。《本草纲目》谓马氏《开宝本草》，载其主恶气，卒心腹痛满。西人谓其善治转筋，是以为治霍乱要药。且其性善熏劳瘵，诚有解毒除菌之力也。
    复诊 将药分两次服完，吐泻、腹疼、转筋诸证皆愈。惟心中犹觉热作渴，二便仍觉发热。诊其脉较前有力，显呈有火之象。盖其心脏至此已不麻痹，启闭之机关灵活，是以脉象更改也。其犹觉热与渴者，因系余火未清，而吐泻之甚者最足伤阴，阴分伤损，最易生热，且善作渴，此不可但治以泻火之凉药也，拟兼投以大滋真阴之品。
    处方 生怀山药（一两） 大甘枸杞（一两） 北沙参（一两） 离中丹（五钱）
    药共四味，将前三味煎汤一大盅，送服离中丹一半，迟四点钟再将药渣煎汤一大盅，送服其余一半。
    效果 将药分三次服完，热退渴止，病遂全愈。
    帮助 霍乱之证，原阴阳俱有。然愚五十年经验以来，知此证属阳，而宜治以凉药者十居其八；此证属阴，而宜治以热药者十居其一；此证属半阴半阳，当凉热之药并用，以调剂其阴阳者，又十居其一。而后世论者，恒以《伤寒论》所载之霍乱为真霍乱，至于以凉药治愈之霍乱，皆系假霍乱，不知《伤寒论》对于霍乱之治法亦非专用热药也。有如其篇第七节云，霍乱头痛、发热、身疼痛、热多，欲饮水者五苓散主之。寒多，不用水者理中丸主之。夫既明言热多寒多，是显有寒热可分也。
    虽所用之五苓散中亦有桂枝而分量独轻，至泽泻、茯苓、猪苓其性皆微凉，其方原不可以热论也。且用显微镜审察此病之菌，系弯曲杆形，是以此证无论凉热，惟审察其传染之毒菌，现弯曲杆形即为霍乱无疑也。至欲细审此病之凉热百不失一，当参观霍乱方，及论霍乱治法篇，自能临证无误。<br><br></pre>","2017-11-23 13:52:55.045531","<pre style=""white-space:pre-wrap"><b>医学衷中参西录 医案·（十七）霍乱门  1．霍乱兼转筋<br>1．霍乱兼转筋
    天津王××，年三十八岁，于季冬得霍乱证。
    病因 厂中腊底事务烦杂，劳心过度，暗生内热，又兼因怒激动肝火，怒犹未歇，遽就寝睡，至一点钟时，觉心中扰乱，腹中作疼，移时则吐泻交作，遂成霍乱。
    证候 心中发热而渴，恶心怔忡，饮水须臾即吐，腹中时疼时止，疼剧时则下泻，泻时异常觉热，偶有小便，热亦如斯，有时两腿筋转，然不甚剧，其脉象无力，却无闭塞之象。
    诊断 霍乱之证，恒有脉象无火而其实际转大热者，即或脉闭身冷显露寒凉之象，亦不可遽以凉断。此证脉象不见有热，而心中热而且渴，二便尤甚觉热，其为内蕴实热无疑。至其脉不见有热象者，以心脏因受毒麻痹，而机关之启闭无力也。拟用大剂寒凉清其内热，而辅以解毒消菌之品。
    处方 生石膏（三两捣细） 生杭芍（八钱） 清半夏（五钱温水淘三次） 生怀山药（五钱）嫩竹茹（三钱碎的） 甘松（二钱） 甘草（三钱）
    共煎汤三盅，分三次温服下。每次送服卫生防疫宝丹五十粒。
    方载后方中。甘松亦名甘松香，即西药中之缬草也。《本草纲目》谓马氏《开宝本草》，载其主恶气，卒心腹痛满。西人谓其善治转筋，是以为治霍乱要药。且其性善熏劳瘵，诚有解毒除菌之力也。
    复诊 将药分两次服完，吐泻、腹疼、转筋诸证皆愈。惟心中犹觉热作渴，二便仍觉发热。诊其脉较前有力，显呈有火之象。盖其心脏至此已不麻痹，启闭之机关灵活，是以脉象更改也。其犹觉热与渴者，因系余火未清，而吐泻之甚者最足伤阴，阴分伤损，最易生热，且善作渴，此不可但治以泻火之凉药也，拟兼投以大滋真阴之品。
    处方 生怀山药（一两） 大甘枸杞（一两） 北沙参（一两） 离中丹（五钱）
    药共四味，将前三味煎汤一大盅，送服离中丹一半，迟四点钟再将药渣煎汤一大盅，送服其余一半。
    效果 将药分三次服完，热退渴止，病遂全愈。
    帮助 霍乱之证，原阴阳俱有。然愚五十年经验以来，知此证属阳，而宜治以凉药者十居其八；此证属阴，而宜治以热药者十居其一；此证属半阴半阳，当凉热之药并用，以调剂其阴阳者，又十居其一。而后世论者，恒以《伤寒论》所载之霍乱为真霍乱，至于以凉药治愈之霍乱，皆系假霍乱，不知《伤寒论》对于霍乱之治法亦非专用热药也。有如其篇第七节云，霍乱头痛、发热、身疼痛、热多，欲饮水者五苓散主之。寒多，不用水者理中丸主之。夫既明言热多寒多，是显有寒热可分也。
    虽所用之五苓散中亦有桂枝而分量独轻，至泽泻、茯苓、猪苓其性皆微凉，其方原不可以热论也。且用显微镜审察此病之菌，系弯曲杆形，是以此证无论凉热，惟审察其传染之毒菌，现弯曲杆形即为霍乱无疑也。至欲细审此病之凉热百不失一，当参观霍乱方，及论霍乱治法篇，自能临证无误。<br><br></pre>",
12,"五苓散   - 伤寒论","<pre style=""white-space:pre-wrap"><b>71.0</b> 　　太阳病，发汗后，大汗出，胃中干，烦躁不得眠，欲得饮水者，少少与饮之，令胃气和则愈。若脉浮，小便不利，微热消渴者，与五苓散主之。<br><br></pre><pre style="white-space:pre-wrap"><b>72.0</b> 　　发汗已，脉浮数，烦渴者，五苓散主之。<br><br></pre><pre style="white-space:pre-wrap"><b>73.0</b> 　　伤寒汗出而渴者，五苓散主之。不渴者，茯苓甘草汤主之。<br><br></pre><pre style="white-space:pre-wrap"><b>74.0</b> 　　中风发热，六七日不解而烦，有表里证，渴欲饮水，水入则吐者，名曰水逆。五苓散主之。<br><br></pre><pre style="white-space:pre-wrap"><b>141.0</b> 　　病在阳，应以汗解之，反以冷水潠之，若灌之，其热被劫不得去，弥更益烦，肉上粟起，意欲饮水，反不渴者，服文蛤散。若不差者，与五苓散。寒实结胸，无热证者，与三物小陷胸汤，白散亦可服。<br><br></pre><pre style="white-space:pre-wrap"><b>156.0</b> 　　本以下之，故心下痞，与泻心汤；痞不解，其人渴而口燥烦，小便不利者，五苓散主之。<br><br></pre><pre style="white-space:pre-wrap"><b>244.0</b> 太阳病，寸缓、关浮、尺弱，其人发热汗出，复恶寒，不呕，但心下痞者，此以医下之也。如其不下者，病人不恶寒而渴者，此转属阳明也。小便数者，大便必硬，不更衣十日，无所苦也。渴欲饮水，少少与之，但以法救之。渴者，宜五苓散。<br><br></pre><pre style="white-space:pre-wrap"><b>386.0</b> 　　霍乱，头痛，发热，身疼痛，热多，欲饮水者，五苓散主之；寒多，不用水者，理中丸主之。<br><br></pre>","2017-11-23 13:52:55.827114","<pre style=""white-space:pre-wrap"><b>71.0</b> 　　太阳病，发汗后，大汗出，胃中干，烦躁不得眠，欲得饮水者，少少与饮之，令胃气和则愈。若脉浮，小便不利，微热消渴者，与五苓散主之。<br><br></pre><pre style="white-space:pre-wrap"><b>72.0</b> 　　发汗已，脉浮数，烦渴者，五苓散主之。<br><br></pre><pre style="white-space:pre-wrap"><b>73.0</b> 　　伤寒汗出而渴者，五苓散主之。不渴者，茯苓甘草汤主之。<br><br></pre><pre style="white-space:pre-wrap"><b>74.0</b> 　　中风发热，六七日不解而烦，有表里证，渴欲饮水，水入则吐者，名曰水逆。五苓散主之。<br><br></pre><pre style="white-space:pre-wrap"><b>141.0</b> 　　病在阳，应以汗解之，反以冷水潠之，若灌之，其热被劫不得去，弥更益烦，肉上粟起，意欲饮水，反不渴者，服文蛤散。若不差者，与五苓散。寒实结胸，无热证者，与三物小陷胸汤，白散亦可服。<br><br></pre><pre style="white-space:pre-wrap"><b>156.0</b> 　　本以下之，故心下痞，与泻心汤；痞不解，其人渴而口燥烦，小便不利者，五苓散主之。<br><br></pre><pre style="white-space:pre-wrap"><b>244.0</b> 太阳病，寸缓、关浮、尺弱，其人发热汗出，复恶寒，不呕，但心下痞者，此以医下之也。如其不下者，病人不恶寒而渴者，此转属阳明也。小便数者，大便必硬，不更衣十日，无所苦也。渴欲饮水，少少与之，但以法救之。渴者，宜五苓散。<br><br></pre><pre style="white-space:pre-wrap"><b>386.0</b> 　　霍乱，头痛，发热，身疼痛，热多，欲饮水者，五苓散主之；寒多，不用水者，理中丸主之。<br><br></pre>",
13,"五苓散   - 金贵要略","<pre style=""white-space:pre-wrap"><b>金贵要略212</b> 　　假令瘦人脐下有悸，吐涎沫而癫眩，此水也，五苓散主之。<br><br></pre><pre style="white-space:pre-wrap"><b>金贵要略229</b> 　　脉浮，小便不利，微热消渴者，宜利小便发汗，五苓散主之（方见上）。<br><br></pre><pre style="white-space:pre-wrap"><b>金贵要略230</b> 　　渴欲饮水，水人则吐者，名曰水逆，五苓散主之（方见上）。<br><br></pre><pre style="white-space:pre-wrap"><b>金贵要略284</b> 　　黄疸病，茵陈五苓散主之。（一本云茵陈汤及五苓散并主之）<br><br></pre>","2017-11-23 13:52:55.957101","<pre style=""white-space:pre-wrap"><b>金贵要略212</b> 　　假令瘦人脐下有悸，吐涎沫而癫眩，此水也，五苓散主之。<br><br></pre><pre style="white-space:pre-wrap"><b>金贵要略229</b> 　　脉浮，小便不利，微热消渴者，宜利小便发汗，五苓散主之（方见上）。<br><br></pre><pre style="white-space:pre-wrap"><b>金贵要略230</b> 　　渴欲饮水，水人则吐者，名曰水逆，五苓散主之（方见上）。<br><br></pre><pre style="white-space:pre-wrap"><b>金贵要略284</b> 　　黄疸病，茵陈五苓散主之。（一本云茵陈汤及五苓散并主之）<br><br></pre>",
